Project ID,Project Status,Project Name,Project Address,Project Sponsor,Total Units,Total Beds,Affordable Units,Affordable Beds,Single Room Occupancy Units,Studio Units,1 Bedroom Units,2 Bedroom Units,3 Bedroom Units,4 Bedroom Units,5 Bedroom or Larger Units,Units at 20% AMI,Units at 30% AMI,Units at 50% AMI,Units at 60% AMI,Units at 80% AMI,Units at 120% AMI,Units Greater Than 120% AMI,LOSP Units,LOSP Funder,Neighborhood,Supervisor District,Project Location
1,Operational,Asian Women's Shelter,"0 Confidential, San Francisco, CA 00000",Mei Fong And Associates,5,16,0,16,0,0,0,0,0,0,0,0,0,0,16,0,0,0,0,, , ,
2,Operational,Brennan House,"0 Confidential, San Francisco, CA 00000",St. Vincent De Paul Society,15,0,15,0,15,0,0,0,0,0,0,0,0,3,12,0,0,0,0,, , ,
3,Operational,Mercy Family Plaza,"1509 Hayes St, San Francisco, CA 94117",Mercy Housing California,36,0,22,0,0,3,6,8,5,0,0,0,0,0,0,22,0,0,0,,Lone Mountain/USF,5,"(37.774496, -122.441288)"
5,Operational,Market Heights,"1000 Tompkins Ave, San Francisco, CA 94110",Bernal Heights Neighborhood Center,46,0,45,0,0,0,6,16,22,1,0,0,0,22,23,0,0,0,0,,Bernal Heights,9,"(37.736843, -122.410377)"
6,Operational,San Cristina,"1000 Market St, San Francisco, CA 94102",Community Housing Partnership,58,0,58,0,58,0,0,0,0,0,0,0,0,0,0,58,0,0,0,,Tenderloin,6,"(37.782277, -122.410379)"
9,Operational,Juan Pifarre Plaza,"1010 South Van Ness, San Francisco, CA 94110",Mission Housing Development Corporation,30,0,29,0,0,0,3,8,14,4,0,0,0,14,15,0,0,0,0,,Mission,9,"(37.757115, -122.41676)"
10,Operational,Hotel Parkview,"102 South Park, San Francisco, CA 94107",Mission Housing Development Corporation,40,0,40,0,36,4,0,0,0,0,0,0,32,8,0,0,0,0,0,,Financial District,6,"(37.781481, -122.393912)"
11,Operational,Veterans Academy,"1030 Girard Rd, San Francisco, CA 94129",Swords To Plowshares,108,0,100,0,100,0,0,0,0,0,0,0,100,0,0,0,0,0,0,,Presidio,2,"(37.801983, -122.453058)"
12,Operational,Mary Elizabeth Inn,"1040 Bush St, San Francisco, CA 94109",Mary Elizabeth Inn,92,0,88,0,88,0,0,0,0,0,0,0,30,58,0,0,0,0,0,,Nob Hill,3,"(37.789502, -122.414432)"
13,Operational,Abel Gonzales Apartments,"1045 Capp St, San Francisco, CA 94110",Mission Housing Development Corporation,30,0,30,0,0,9,21,0,0,0,0,0,0,30,0,0,0,0,0,,Mission,9,"(37.749992, -122.417076)"
19,Operational,Gran Oriente Filipino,"106 South Park, San Francisco, CA 94107",Gran Oriente Filipino,24,0,13,0,13,0,0,0,0,0,0,0,0,0,0,0,13,0,0,,Financial District,6,"(37.781458, -122.393941)"
25,Operational,Clara House,"111 Page St, San Francisco, CA 94102",Compass Community Services,13,0,13,0,0,0,9,4,0,0,0,0,0,13,0,0,0,0,0,,Hayes Valley,5,"(37.774011, -122.422603)"
43,Operational,Connecticut St Court,"1206 Connecticut St, San Francisco, CA 94107",Asian Neighborhood Design,10,0,10,0,0,0,0,0,10,0,0,0,0,10,0,0,0,0,0,,Bayview Hunters Point,10,"(37.751054, -122.396478)"
44,Operational,Consorcia Apartments,"1204 Mason St, San Francisco, CA 94133",Chinatown Community Development Center,24,0,23,0,0,18,5,0,0,0,0,0,0,0,0,23,0,0,0,,Chinatown,3,"(37.794601, -122.411321)"
45,Operational,Fannie Lou Hamer House,"1221 Cortland Ave, San Francisco, CA 94110",Bernal Heights Neighborhood Center,2,0,2,0,0,0,0,0,1,1,0,0,0,2,0,0,0,0,0,,Bernal Heights,9,"(37.739831, -122.411924)"
58,Operational,Larkin Pine Senior Housing,"1303 Larkin St, San Francisco, CA 94109",Chinatown Community Development Center,63,0,62,0,59,0,3,0,0,0,0,0,0,0,62,0,0,0,0,,Nob Hill,3,"(37.789873, -122.418934)"
63,Operational,Peter Claver Community,"1340 Golden Gate Ave, San Francisco, CA 94115",Catholic Charities,32,0,31,0,31,0,0,0,0,0,0,0,0,31,0,0,0,0,0,,Western Addition,5,"(37.779537, -122.432656)"
69,Operational,1370 California Apartments,"1370 California St, San Francisco, CA 94109",Chinatown Community Development Center,49,0,48,0,0,25,22,0,1,0,0,0,0,10,38,0,0,0,0,,Nob Hill,3,"(37.7911, -122.416942)"
72,Operational,Lyric Hotel,"140 Jones St, San Francisco, CA 94102",Conard House,58,0,58,0,58,0,0,0,0,0,0,0,0,58,0,0,0,0,0,,Tenderloin,6,"(37.782472, -122.412245)"
87,Operational,Lady Shaw,"1483 Mason St, San Francisco, CA 94133",Self Help For The Elderly,70,0,69,0,0,63,6,0,0,0,0,0,0,0,0,69,0,0,0,,Nob Hill,3,"(37.796974, -122.411939)"
90,Operational,Britton Courts,"1250 Sunnydale Ave, San Francisco, CA 94134",Mercy Housing California,92,0,92,0,0,0,0,63,21,8,0,0,0,46,46,0,0,0,0,,Visitacion Valley,10,"(37.711258, -122.413464)"
94,Operational,Tower Hotel,"1525 Grant Ave, San Francisco, CA 94133",Chinatown Community Development Center,33,0,17,0,17,0,0,0,0,0,0,0,0,0,0,0,17,0,0,,North Beach,3,"(37.801003, -122.40774)"
97,Operational,Hamilton Family Transitional Program,"1631 Hayes St, San Francisco, CA 94117",Hamilton Family Center,20,0,19,0,0,6,11,0,2,0,0,0,0,4,15,0,0,0,0,,Lone Mountain/USF,5,"(37.774243, -122.443281)"
98,Operational,Chinese Community Church of San Francisco,"1535 Jackson St, San Francisco, CA 94109",Chinese Community Church of San Francisco,18,0,10,0,10,0,0,0,0,0,0,0,0,0,0,0,10,0,0,,Russian Hill,3,"(37.79423, -122.420343)"
109,Operational,William Penn Hotel,"160 Eddy St, San Francisco, CA 94102",Chinatown Community Development Center,91,0,89,0,89,0,0,0,0,0,0,0,0,89,0,0,0,0,0,,Tenderloin,6,"(37.784282, -122.410328)"
110,Operational,Howard Street Apartments,"1601 Howard St, San Francisco, CA 94103",Tenderloin Neighborhood Development Corporation,12,0,12,0,0,0,0,12,0,0,0,3,0,9,0,0,0,0,0,,Mission,6,"(37.771663, -122.416883)"
111,Operational,Jelani House,"1601 Quesada Ave, San Francisco, CA 94124","Jelani, Inc. (Bayview Hunters Point Foundation)",13,16,0,16,0,0,0,0,0,0,0,0,0,0,0,16,0,0,0,,Bayview Hunters Point,10,"(37.732278, -122.389703)"
115,Operational,Garden Court Apartments,"1637 15th St, San Francisco, CA 94103",Mission Housing Development Corporation,16,0,9,0,0,6,3,0,0,0,0,0,0,0,0,0,9,0,0,,Mission,9,"(37.766576, -122.420621)"
119,Operational,Goodman 2 Art Complex,"1695 18th St, San Francisco, CA 94107",Artspace Development Corporation,29,0,5,0,0,0,5,0,0,0,0,0,0,5,0,0,0,0,0,,Potrero Hill,10,"(37.762358, -122.399387)"
121,Operational,All Hallows Community,"1711 Oakdale Ave, San Francisco, CA 94124",Mercy Housing California,45,0,44,0,0,16,28,0,0,0,0,0,0,0,0,44,0,0,0,,Bayview Hunters Point,10,"(37.735756, -122.392504)"
123,Operational,Casa Aviva,"1724 Bryant St, San Francisco, CA 94110",Mission Housing Development Corporation / Latino Commision,4,0,4,0,4,0,0,0,0,0,0,0,0,0,0,4,0,0,0,,Mission,9,"(37.76527, -122.410537)"
125,Operational,1738 Mission,"1738 Mission St, San Francisco, CA 94103","Asian, Inc.",10,0,7,0,0,0,3,0,1,3,0,0,0,0,0,7,0,0,0,,Mission,9,"(37.769307, -122.420209)"
143,Operational,Coleridge Park Homes,"190 Coleridge St, San Francisco, CA 94110",Bridge Housing,49,0,49,0,0,2,43,4,0,0,0,0,0,0,35,14,0,0,0,,Bernal Heights,9,"(37.742858, -122.420365)"
145,Operational,1912 McAllister,"1912 Mcallister St, San Francisco, CA 94115",Westside Community Services,0,7,0,4,0,0,0,0,0,0,0,0,0,4,0,0,0,0,0,,Lone Mountain/USF,5,"(37.777194, -122.443584)"
148,Operational,Woolsey Apartments,"195 Woolsey St, San Francisco, CA 94134",Bernal Heights Neighborhood Center,10,0,9,0,0,9,0,0,0,0,0,0,0,2,7,0,0,0,0,,Portola,9,"(37.724946, -122.403524)"
152,Operational,Tenderloin Family Housing,"201 Turk St, San Francisco, CA 94102",Chinatown Community Development Center,175,0,174,0,0,12,81,43,38,0,0,0,0,71,103,0,0,0,0,,Tenderloin,6,"(37.782949, -122.412463)"
154,Operational,205 Jones,"205 Jones St, San Francisco, CA 94102",Mercy Housing California,50,0,49,0,0,49,0,0,0,0,0,0,0,10,39,0,0,0,0,,Tenderloin,6,"(37.783064, -122.412506)"
158,Operational,Ashbury House,"212 Ashbury St, San Francisco, CA 94117",Progress Foundation,1,10,0,3,0,0,0,0,0,0,0,0,0,3,0,0,0,0,0,,Lone Mountain/USF,5,"(37.77361, -122.447605)"
159,Operational,Walden Adolescent,"214 Haight St, San Francisco, CA 94102",HealthRight360,64,12,0,12,0,0,0,0,0,0,0,0,0,12,0,0,0,0,0,,Hayes Valley,5,"(37.772759, -122.425807)"
160,Operational,Leandro Soto Apartments,"2155 Mission St, San Francisco, CA 94110",OBECA / Arriba Juntos,48,0,48,0,0,16,8,8,16,0,0,0,0,0,48,0,0,0,0,,Mission,9,"(37.762497, -122.419366)"
161,Operational,Ritz Hotel,"216 Eddy St, San Francisco, CA 94102",Tenderloin Neighborhood Development Corporation,89,0,88,0,88,0,0,0,0,0,0,0,0,88,0,0,0,0,0,,Tenderloin,6,"(37.784162, -122.411277)"
163,Operational,Franciscan Towers,"217 Eddy St, San Francisco, CA 94102",Tenderloin Neighborhood Development Corporation,105,0,104,0,75,25,4,0,0,0,0,0,0,21,83,0,0,0,0,,Tenderloin,6,"(37.784054, -122.411255)"
166,Operational,Madrid Hotel,"22 South Park, San Francisco, CA 94107",Mission Housing Development Corporation,44,0,44,0,42,2,0,0,0,0,0,0,40,4,0,0,0,0,0,,Financial District,6,"(37.782429, -122.392995)"
167,Operational,Richard M. Cohen Residence,"220 Dolores St, San Francisco, CA 94114",Dolores Street Community Services,10,0,9,0,9,0,0,0,0,0,0,0,0,9,0,0,0,0,0,,Castro/Upper Market,8,"(37.765873, -122.426669)"
168,Operational,Pierce Street Apartments,"220 Pierce St, San Francisco, CA 94117",Tenderloin Neighborhood Development Corporation,8,0,8,0,0,0,8,0,0,0,0,0,0,0,8,0,0,0,0,,Haight Ashbury,5,"(37.771909, -122.433721)"
171,Operational,Women's Hope,"2261 Bryant St, San Francisco, CA 94110",Mission Housing Development Corporation / HealthRight360,16,0,10,0,0,0,10,0,0,0,0,0,0,0,0,10,0,0,0,,Mission,9,"(37.758292, -122.40958)"
174,Operational,2300 Van Ness,"2300 Van Ness Ave, San Francisco, CA 94109","Asian, Inc.",22,0,21,0,0,0,6,7,6,2,0,0,0,8,13,0,0,0,0,,Russian Hill,3,"(37.796692, -122.423536)"
179,Operational,SafeHouse,"0 Confidential, San Francisco, CA 00000",San Francisco Network Ministries,0,10,0,10,0,0,0,0,0,0,0,0,10,0,0,0,0,0,0,,,9,
180,Operational,Woolf House III,"240 4th St, San Francisco, CA 94103",TODCO Group,30,0,29,0,0,12,17,0,0,0,0,0,0,29,0,0,0,0,0,,South of Market,6,"(37.782678, -122.402084)"
268,Operational,Apollo Hotel,"420 Valencia St, San Francisco, CA 94103",Mission Housing Development Corporation,81,0,80,0,80,0,0,0,0,0,0,0,0,8,0,72,0,0,0,,Mission,8,"(37.766195, -122.422092)"
189,Operational,Plaza & Ramona Apartments,"250 Mcallister St, San Francisco, CA 94102",Tenderloin Neighborhood Development Corporation,63,0,62,0,0,61,1,0,0,0,0,0,0,13,49,0,0,0,0,,Tenderloin,6,"(37.780667, -122.416218)"
197,Operational,Swords to Plowshares (De Montfort),"27 De Montfort Ave, San Francisco, CA 94112",Swords To Plowshares,22,0,15,0,15,0,0,0,0,0,0,0,0,15,0,0,0,0,0,,Oceanview/Merced/Ingleside,7,"(37.723606, -122.458487)"
200,Operational,St. Olga's Home,"275 Collins St, San Francisco, CA 94118",Russian American Community Services,10,14,0,10,0,0,0,0,0,0,0,0,0,0,0,10,0,0,0,,Lone Mountain/USF,1,"(37.781103, -122.44997)"
204,Operational,2782 24th,"2782 24th St, San Francisco, CA 94110",Mission Housing Development Corporation,3,0,3,0,0,0,1,0,2,0,0,0,2,1,0,0,0,0,0,,Mission,9,"(37.752929, -122.407921)"
211,Operational,2945 16th,"2945 16th St, San Francisco, CA 94110",Mission Housing Development Corporation,8,0,5,0,0,0,5,0,0,0,0,0,0,0,0,0,5,0,0,,Mission,9,"(37.765072, -122.41851)"
212,Operational,Magdalena Mora House,"2973 26th St, San Francisco, CA 94110",Bernal Heights Neighborhood Center,2,0,2,0,0,0,0,0,2,0,0,0,0,0,2,0,0,0,0,,Mission,9,"(37.749524, -122.409284)"
213,Operational,Heritage Homes,"243 Rey St, San Francisco, CA 94134",Mercy Housing California,148,0,146,0,0,0,29,33,63,21,0,20,32,88,6,0,0,0,0,,Visitacion Valley,10,"(37.710243, -122.412578)"
214,Operational,3019 23rd,"3019 23rd St, San Francisco, CA 94110",Mission Housing Development Corporation,6,0,5,0,0,2,0,2,1,0,0,0,0,0,0,0,5,0,0,,Mission,9,"(37.754157, -122.412444)"
216,Operational,Altamont Hotel,"3048 16th St, San Francisco, CA 94103",Mission Housing Development Corporation,89,0,88,0,88,0,0,0,0,0,0,0,0,88,0,0,0,0,0,,Mission,9,"(37.765047, -122.420743)"
220,Operational,Bernal Gateway,"3101 Mission St, San Francisco, CA 94110",Bernal Heights Neighborhood Center,55,0,55,0,0,0,9,29,13,4,0,16,15,12,12,0,0,0,0,,Bernal Heights,9,"(37.748104, -122.4182)"
231,Operational,Del Carlo Court,"3330 Cesar Chavez St, San Francisco, CA 94110",Mission Housing Development Corporation,25,0,25,0,0,0,2,14,5,4,0,0,0,0,0,25,0,0,0,,Mission,9,"(37.748299, -122.416624)"
236,Operational,Dalt Hotel,"34 Turk St, San Francisco, CA 94102",Tenderloin Neighborhood Development Corporation,178,0,177,0,177,0,0,0,0,0,0,0,0,177,0,0,0,0,0,,Tenderloin,6,"(37.783428, -122.409578)"
237,Operational,The Nathan Building,"340 Eddy St, San Francisco, CA 94102",Indochinese Housing Development Corporation,82,0,66,0,0,65,1,0,0,0,0,0,0,66,0,0,0,0,0,,Tenderloin,6,"(37.7839, -122.41334)"
240,Operational,3434 18th,"3434 18th St, San Francisco, CA 94110",Mission Housing Development Corporation,8,0,5,0,0,4,1,0,0,0,0,0,0,0,0,5,0,0,0,,Mission,9,"(37.761843, -122.420243)"
242,Operational,Notre Dame Plaza,"347 Dolores St, San Francisco, CA 94110",Mercy Housing California,66,0,65,0,0,14,51,0,0,0,0,0,0,65,0,0,0,0,0,,Mission,8,"(37.764001, -122.426259)"
245,Operational,Casa Quezada,"35 Woodward St, San Francisco, CA 94103",Dolores Street Community Services,52,0,52,0,52,0,0,0,0,0,0,0,0,52,0,0,0,0,52,DPH,Mission,9,"(37.769324, -122.420825)"
250,Operational,Dunleavy Plaza,"36 Hoff St, San Francisco, CA 94110",Mission Housing Development Corporation,49,0,25,0,0,0,9,16,0,0,0,0,0,0,0,0,25,0,0,,Mission,9,"(37.764409, -122.420609)"
253,Operational,Moultrie House,"374 Moultrie St, San Francisco, CA 94110",Bernal Heights Neighborhood Center,9,0,9,0,8,0,1,0,0,0,0,0,0,0,9,0,0,0,0,,Bernal Heights,9,"(37.739376, -122.415953)"
255,Operational,375 Eddy,"375 Eddy St, San Francisco, CA 94102",Indochinese Housing Development Corporation,35,0,32,0,0,25,7,0,0,0,0,0,0,0,0,32,0,0,0,,Tenderloin,6,"(37.783731, -122.413801)"
257,Operational,Cadillac Hotel,"380 Eddy St, San Francisco, CA 94102",Reality House West,158,0,158,0,158,0,0,0,0,0,0,0,0,0,158,0,0,0,0,,Tenderloin,6,"(37.783822, -122.413959)"
260,Operational,Hamlin Hotel,"385 Eddy St, San Francisco, CA 94102",Chinatown Community Development Center,67,0,65,0,65,0,0,0,0,0,0,0,0,65,0,0,0,0,0,,Tenderloin,6,"(37.783709, -122.413974)"
261,Operational,Aarti Hotel,"391 Leavenworth St, San Francisco, CA 94109",Tenderloin Neighborhood Development Corporation,40,0,40,0,40,0,0,0,0,0,0,0,0,40,0,0,0,0,0,,Tenderloin,6,"(37.784554, -122.414492)"
262,Operational,Carmelita Apartments,"391 Valencia St, San Francisco, CA 94103",Housing Development & Neighborhood Preservation Corporation,40,0,24,0,0,4,6,10,4,0,0,0,0,0,0,24,0,0,0,,Mission,9,"(37.766694, -122.422002)"
264,Operational,Haight Street Apartments,"398 Haight St, San Francisco, CA 94102",Tenderloin Neighborhood Development Corporation,12,0,7,0,0,0,5,2,0,0,0,0,0,0,0,7,0,0,0,,Hayes Valley,5,"(37.772381, -122.428777)"
269,Operational,Sierra Madre,"421 Leavenworth St, San Francisco, CA 94109",Tenderloin Neighborhood Development Corporation,47,0,46,0,0,42,4,0,0,0,0,0,0,0,46,0,0,0,0,,Tenderloin,6,"(37.784859, -122.414553)"
271,Operational,Eddy Street Apartments (CATS),"425 Eddy St, San Francisco, CA 94102","Community Awareness & Treatment Services, Inc.",25,0,25,0,0,25,0,0,0,0,0,0,0,25,0,0,0,0,0,,Tenderloin,6,"(37.78362, -122.414671)"
276,Operational,Civic Center Residence,"44 Mcallister St, San Francisco, CA 94102",Tenderloin Neighborhood Development Corporation,212,0,211,0,211,0,0,0,0,0,0,0,0,211,0,0,0,0,0,,Tenderloin,6,"(37.781088, -122.412898)"
277,Operational,Lassen Apartments,"441 Ellis St, San Francisco, CA 94102","Asian, Inc. / Bayside Communities",81,0,80,0,0,33,47,0,0,0,0,0,0,17,63,0,0,0,0,,Tenderloin,6,"(37.784722, -122.413464)"
280,Operational,450 Ellis St,"450 Ellis St, San Francisco, CA 94102","Asian, Inc.",29,0,24,0,0,3,21,0,0,0,0,0,0,24,0,0,0,0,0,,Tenderloin,6,"(37.78481, -122.413644)"
282,Operational,Klimm Apartments,"460 Ellis St, San Francisco, CA 94102",Tenderloin Neighborhood Development Corporation,42,0,41,0,0,40,1,0,0,0,0,0,0,0,41,0,0,0,0,,Tenderloin,6,"(37.78479, -122.413803)"
286,Operational,Cambridge Hotel,"473 Ellis St, San Francisco, CA 94102",Community Housing Partnership,60,0,60,0,60,0,0,0,0,0,0,0,0,60,0,0,0,0,0,,Tenderloin,6,"(37.784658, -122.41397)"
288,Operational,Yosemite Apartments,"480 Eddy St, San Francisco, CA 94109",Tenderloin Neighborhood Development Corporation,32,0,20,0,0,19,1,0,0,0,0,0,0,0,0,0,20,0,0,,Tenderloin,6,"(37.783617, -122.415574)"
289,Operational,Arlington Hotel,"472 Ellis St, San Francisco, CA 94102",Mercy Housing California,154,0,153,0,0,153,0,0,0,0,0,0,0,153,0,0,0,0,78,DPH,Tenderloin,6,"(37.784766, -122.413992)"
290,Operational,Plaza del Sol,"440 Valencia St, San Francisco, CA 94103",Mission Housing Development Corporation,59,0,59,0,0,0,0,25,29,5,0,0,0,0,59,0,0,0,0,,Mission,8,"(37.765874, -122.422061)"
291,Operational,Cameo Apartments,"481 Eddy St, San Francisco, CA 94102",Tenderloin Neighborhood Development Corporation,31,0,30,0,0,28,2,0,0,0,0,0,0,6,24,0,0,0,0,,Tenderloin,6,"(37.783509, -122.415552)"
292,Operational,Maria Alicia Apartments,"3090 16th St, San Francisco, CA 94103",Mission Housing Development Corporation,20,0,11,0,0,0,1,1,6,3,0,0,0,11,0,0,0,0,0,,Mission,9,"(37.764987, -122.421744)"
297,Operational,Reardon Heights (formerly Aspen South Hills),"50 Reardon Rd, San Francisco, CA 94124","Reardon Heights Associates, LP",82,0,82,0,0,0,30,52,0,0,0,0,0,16,66,0,0,0,0,,Bayview Hunters Point,10,"(37.729446, -122.37704)"
299,Operational,Mariposa Gardens,"2445 Mariposa St, San Francisco, CA 94110",Mission Housing Development Corporation,63,0,62,0,0,0,5,31,24,2,0,0,0,19,43,0,0,0,0,,Mission,10,"(37.763108, -122.407763)"
305,Operational,518 Minna,"518 Minna St, San Francisco, CA 94103","Asian, Inc.",24,0,23,0,0,0,0,11,12,0,0,0,0,0,0,23,0,0,0,,South of Market,6,"(37.780244, -122.408652)"
306,Operational,Senator Residence,"519 Ellis St, San Francisco, CA 94109",Community Housing Partnership,89,0,86,0,69,0,17,0,0,0,0,0,0,86,0,0,0,0,0,,Tenderloin,6,"(37.784551, -122.414877)"
312,Operational,525 O'Farrell,"525 O'Farrell St, San Francisco, CA 94102","Asian, Inc.",26,0,25,0,0,25,0,0,0,0,0,0,0,5,20,0,0,0,0,,Tenderloin,6,"(37.785686, -122.413401)"
314,Operational,Swiss American Hotel,"534 Broadway, San Francisco, CA 94133",Chinatown Community Development Center,66,0,34,0,33,1,0,0,0,0,0,0,0,0,0,34,0,0,0,,North Beach,3,"(37.798003, -122.406071)"
316,Operational,Dorothy Day Community,"54 Mcallister St, San Francisco, CA 94102",Mercy Housing California,100,0,99,0,0,26,73,0,0,0,0,0,0,0,0,99,0,0,0,,Tenderloin,6,"(37.781057, -122.413138)"
320,Operational,555 Ellis Street Family Apartments,"555 Ellis St, San Francisco, CA 94109",Asian Neighborhood Design,38,0,37,0,0,9,0,9,19,0,0,0,0,0,37,0,0,0,0,,Tenderloin,6,"(37.784485, -122.415398)"
324,Operational,575 Eddy,"575 Eddy St, San Francisco, CA 94102","Asian, Inc.",47,0,29,0,0,22,7,0,0,0,0,0,0,0,0,29,0,0,0,,Tenderloin,6,"(37.783315, -122.417103)"
325,Operational,St. Claire Residence,"585 Geary St, San Francisco, CA 94102",Chinatown Community Development Center,41,0,39,0,21,6,12,0,0,0,0,0,0,39,0,0,0,0,0,,Tenderloin,6,"(37.786711, -122.412923)"
336,Operational,Richmond Hills Family Center,"6324 Geary Blvd, San Francisco, CA 94121",Mercy Housing California,20,32,0,20,0,0,0,0,0,0,0,0,0,20,0,0,0,0,0,,Outer Richmond,1,"(37.780107, -122.487164)"
338,Operational,Geary Courtyard,"639 Geary St, San Francisco, CA 94102",Geary Courtyard Associates,164,0,19,0,0,14,5,0,0,0,0,0,0,13,0,6,0,0,0,,Tenderloin,6,"(37.786598, -122.413813)"
342,Operational,Webster Apartments,"650 Webster St, San Francisco, CA 94102",Progress Foundation,2,0,2,0,0,0,0,0,0,2,0,0,0,0,2,0,0,0,0,,Hayes Valley,5,"(37.776737, -122.429499)"
343,Operational,Clayton Hotel,"657 Clay St, San Francisco, CA 94111",Chinatown Community Development Center,82,0,81,0,81,0,0,0,0,0,0,0,81,0,0,0,0,0,0,,Chinatown,3,"(37.794496, -122.404081)"
352,Operational,Alcantara Court,"670 Valencia St, San Francisco, CA 94110",Mission Housing Development Corporation,50,0,50,0,0,24,26,0,0,0,0,0,0,50,0,0,0,0,0,,Mission,8,"(37.762278, -122.421716)"
355,Operational,70 Moss,"70 Moss St, San Francisco, CA 94103",Mission Housing Development Corporation,5,0,3,0,0,0,2,0,0,1,0,0,0,0,0,0,3,0,0,,South of Market,6,"(37.777522, -122.407824)"
359,Operational,Canon Kip Community House,"705 Natoma St, San Francisco, CA 94103",Episcopal Community Services,104,0,103,0,103,0,0,0,0,0,0,0,0,21,82,0,0,0,0,,South of Market,6,"(37.776543, -122.412229)"
362,Operational,Tennessee Street Housing Corporation,"712 Tennessee St, San Francisco, CA 94107",Tennessee Street Housing Corporation,6,0,6,0,0,1,3,2,0,0,0,0,0,0,0,4,2,0,0,,Potrero Hill,10,"(37.762802, -122.389797)"
365,Operational,Baker's Dozen,"733 Baker St, San Francisco, CA 94115",Northern California Land Trust,13,13,0,12,0,0,0,0,0,0,0,0,0,13,0,0,0,0,0,,Lone Mountain/USF,5,"(37.777682, -122.441823)"
366,Operational,735 Ellis,"735 Ellis St, San Francisco, CA 94109","Asian, Inc.",30,0,30,0,0,24,6,0,0,0,0,0,0,30,0,0,0,0,0,,Tenderloin,6,"(37.784113, -122.418299)"
367,Operational,Mendelsohn House,"737 Folsom St, San Francisco, CA 94107",TODCO Group,189,0,189,0,0,97,91,1,0,0,0,0,0,189,0,0,0,0,0,,South of Market,6,"(37.783094, -122.399726)"
368,Operational,Tower 737 (aka Post St Towers),"737 Post St, San Francisco, CA 94109",Sequoia Equities,248,0,49,0,0,29,12,8,0,0,0,0,0,0,0,49,0,0,0,,Tenderloin,3,"(37.787536, -122.413972)"
376,Operational,Bayside Elderly Housing,"777 Broadway, San Francisco, CA 94133",Chinatown Community Development Center,31,0,30,0,0,30,0,0,0,0,0,0,0,0,0,30,0,0,0,,Chinatown,3,"(37.797418, -122.409899)"
384,Operational,Iroquois Hotel,"835 O'Farrell St, San Francisco, CA 94109",Community Housing Partnership,74,0,74,0,28,35,11,0,0,0,0,0,0,74,0,0,0,0,0,,Tenderloin,6,"(37.785044, -122.41849)"
385,Operational,City Heights Apts (aka Avalon Nob Hill),"840 Post St, San Francisco, CA 94109","Bay Apartment Communities, Inc.",185,0,37,0,0,9,23,5,0,0,0,0,0,37,0,0,0,0,0,,Nob Hill,3,"(37.787427, -122.415699)"
394,Operational,Capp Street Apartments,"890 Capp St, San Francisco, CA 94110",Mission Housing Development Corporation,4,0,3,0,0,0,0,2,1,0,0,0,0,0,0,0,3,0,0,,Mission,9,"(37.752477, -122.417456)"
395,Operational,Hayes Adult Residence,"890 Hayes St, San Francisco, CA 94117",HealthRight360,115,115,0,104,0,0,0,0,0,0,0,0,0,0,0,104,0,0,0,,Hayes Valley,5,"(37.775916, -122.431047)"
400,Operational,Junipero Serra House,"926 Fillmore St, San Francisco, CA 94117",Mercy Housing California,25,0,24,0,0,7,17,0,0,0,0,0,0,0,0,24,0,0,0,,Western Addition,5,"(37.777974, -122.431572)"
405,Operational,Leland Apartments,"980 Howard St, San Francisco, CA 94103",TODCO Group,24,0,23,0,0,0,0,23,0,0,0,0,0,23,0,0,0,0,0,,South of Market,6,"(37.780109, -122.406809)"
489,Operational,Geraldine Johnson Manor,"5545 3rd St, San Francisco, CA 94124",Bayview Senior Housing (Bridge Housing / San Francisco Housing Development Corporation),54,0,53,0,0,0,53,0,0,0,0,0,0,53,0,0,0,0,0,,Bayview Hunters Point,10,"(37.72736, -122.393267)"
491,Operational,Cecil Williams Glide Community House,"333 Taylor St, San Francisco, CA 94102",Glide,52,0,52,0,0,22,13,9,8,0,0,0,0,52,0,0,0,0,0,,Tenderloin,6,"(37.785381, -122.411284)"
517,Operational,John King Senior Community,"500 Raymond Ave, San Francisco, CA 94134",Mercy Housing California,91,0,90,0,0,0,90,0,0,0,0,0,0,90,0,0,0,0,0,,McLaren Park,10,"(37.715058, -122.413646)"
880,Operational,The Arc Apartments,"416 Bay St, San Francisco, CA 94133",The Arc,8,0,8,0,0,0,0,5,1,2,0,0,0,8,0,0,0,0,0,,North Beach,3,"(37.805641, -122.413928)"
957,Operational,Monterey Boulevard Apartments,"403 Monterey Blvd, San Francisco, CA 94112",Bernal Heights Neighborhood Center,4,0,4,0,0,0,1,3,0,0,0,0,0,0,4,0,0,0,0,,West of Twin Peaks,7,"(37.731468, -122.444425)"
961,Operational,Crocker Amazon Senior Apartments,"5199 Mission St, San Francisco, CA 94112",Bernal Heights Neighborhood Center,37,0,36,0,0,24,12,0,0,0,0,0,0,36,0,0,0,0,0,,Excelsior,11,"(37.715411, -122.44175)"
965,Operational,Canon Barcus Community House,"670 Natoma St, San Francisco, CA 94103",Episcopal Community Services,48,0,48,0,0,0,4,12,27,5,0,0,0,5,43,0,0,0,0,,South of Market,6,"(37.777229, -122.411557)"
966,Operational,Presentation Senior Community,"301 Ellis St, San Francisco, CA 94102",Mercy Housing California,93,0,92,0,0,61,31,0,0,0,0,0,0,92,0,0,0,0,0,,Tenderloin,6,"(37.785019, -122.411191)"
979,Operational,Monsignor Lyne Community,"118 Diamond St, San Francisco, CA 94114",Mercy Housing California,20,0,19,0,0,4,15,0,0,0,0,0,0,0,0,19,0,0,0,,Castro/Upper Market,8,"(37.760435, -122.437242)"
986,Operational,26th Street Cooperative Apartments,"3327 26th St, San Francisco, CA 94110",Conard House,10,16,0,16,0,0,0,0,0,0,0,0,16,0,0,0,0,0,0,,Mission,9,"(37.749082, -122.416633)"
992,Operational,La Playa Apartments,"770 La Playa, San Francisco, CA 94121",Progress Foundation,14,0,13,0,0,0,0,13,0,0,0,0,0,13,0,0,0,0,0,,Outer Richmond,1,"(37.773825, -122.51002)"
993,Operational,Ellis Street Apartments,"864 Ellis St, San Francisco, CA 94109",Tenderloin Neighborhood Development Corporation,25,0,25,0,0,25,0,0,0,0,0,0,0,25,0,0,0,0,0,,Tenderloin,6,"(37.783956, -122.420447)"
998,Operational,Autumn Glow,"654 Grove St, San Francisco, CA 94102",Self Help For The Elderly,15,15,0,15,0,0,0,0,0,0,0,0,0,15,0,0,0,0,0,,Hayes Valley,5,"(37.777332, -122.42738)"
1002,Operational,Minna Park Family Housing,"529 Minna St, San Francisco, CA 94103",Asian Neighborhood Design,26,0,25,0,0,0,11,6,7,1,0,0,0,0,25,0,0,0,0,,South of Market,6,"(37.77995, -122.408831)"
1003,Operational,SOMA Residences,"1045 Mission St, San Francisco, CA 94103","Emerald Fund, Inc.",278,0,55,0,0,18,37,0,0,0,0,0,0,55,0,0,0,0,0,,South of Market,6,"(37.780142, -122.40968)"
1005,Operational,Laurel Gardens Apartments,"1555 Turk St, San Francisco, CA 94115",Bethel African Methodist Episcopal Church,52,0,51,0,0,0,12,23,16,0,0,0,0,0,51,0,0,0,0,,Western Addition,5,"(37.780123, -122.434685)"
1006,Operational,479 Natoma,"479 Natoma St, San Francisco, CA 94103","Asian, Inc.",30,0,29,0,0,0,0,14,14,1,0,0,0,0,0,29,0,0,0,,South of Market,6,"(37.780488, -122.407201)"
1010,Operational,Rafiki House,"1761 Turk St, San Francisco, CA 94115",Rafiki House,11,11,0,11,0,0,0,0,0,0,0,0,0,11,0,0,0,0,0,,Western Addition,5,"(37.779695, -122.438061)"
1012,Operational,Hotel Isabel,"1091 Mission St, San Francisco, CA 94103",TODCO Group,75,0,73,0,73,0,0,0,0,0,0,0,0,73,0,0,0,0,0,,South of Market,6,"(37.779366, -122.410663)"
1015,Operational,Leland House,"141 Leland Ave, San Francisco, CA 94134",Mercy Housing California,45,0,44,0,44,0,0,0,0,0,0,0,0,44,0,0,0,0,0,,Visitacion Valley,10,"(37.712173, -122.406405)"
1016,Operational,Gabreila Apartments,"583 Natoma St, San Francisco, CA 94103",Housing Development & Neighborhood Preservation Corporation,29,0,29,0,0,0,4,9,12,3,1,0,0,0,0,29,0,0,0,,South of Market,6,"(37.778662, -122.409543)"
1017,Operational,Glenridge Apartments,"9 Berkeley Way, San Francisco, CA 94131",Glenridge Apartments Residents' Council,275,0,273,0,0,0,52,100,113,8,0,0,0,142,0,67,64,0,0,,Glen Park,8,"(37.738764, -122.436931)"
1020,Operational,Columbia Park,"1035 Folsom St, San Francisco, CA 94103",Mercy Housing California,50,0,50,0,0,0,3,12,31,4,0,0,0,0,50,0,0,0,0,,South of Market,6,"(37.77792, -122.406277)"
1021,Operational,The Rose,"125 6th St, San Francisco, CA 94103",Mercy Housing California,76,0,75,0,75,0,0,0,0,0,0,0,0,75,0,0,0,0,0,,South of Market,6,"(37.780674, -122.408244)"
1027,Operational,West Hotel,"141 Eddy St, San Francisco, CA 94102",Tenderloin Neighborhood Development Corporation,105,0,104,0,104,0,0,0,0,0,0,0,0,104,0,0,0,0,0,,Tenderloin,6,"(37.784214, -122.409991)"
1028,Operational,Ambassador Hotel,"55 Mason St, San Francisco, CA 94102",Tenderloin Neighborhood Development Corporation,134,0,134,0,134,0,0,0,0,0,0,0,0,23,111,0,0,0,0,,Tenderloin,6,"(37.783847, -122.40929)"
1031,Operational,Eugene Coleman Senior Community,"328 Tehama St, San Francisco, CA 94103",TODCO Group,85,0,84,0,0,55,29,0,0,0,0,0,0,84,0,0,0,0,0,,South of Market,6,"(37.781981, -122.403379)"
1032,Operational,Midori Hotel,"240 Hyde St, San Francisco, CA 94102",Conard House,77,0,77,0,77,0,0,0,0,0,0,0,0,0,0,77,0,0,0,,Tenderloin,6,"(37.782984, -122.415717)"
1033,Operational,MAC's Children and Family Services,"2168 Cayuga Ave, San Francisco, CA 94112","Mac's Children And Family Services, Inc.",3,10,0,0,0,0,0,0,0,0,0,0,0,0,0,0,0,0,0,,Outer Mission,11,"(37.710405, -122.454397)"
1037,Operational,Alexander Residence,"230 Eddy St, San Francisco, CA 94102",Tenderloin Neighborhood Development Corporation,179,0,178,0,0,132,46,0,0,0,0,0,0,178,0,0,0,0,0,,Tenderloin,6,"(37.784134, -122.411498)"
1043,Operational,Golden Gate Apartments,"1820 Post St, San Francisco, CA 94115",Chinatown Community Development Center,72,0,71,0,0,5,13,26,18,9,0,0,0,0,51,20,0,0,0,,Japantown,5,"(37.785383, -122.431772)"
1044,Operational,Bayanihan House,"88 6th St, San Francisco, CA 94103",TODCO Group,152,0,151,0,151,0,0,0,0,0,0,0,0,151,0,0,0,0,0,,South of Market,6,"(37.781068, -122.408935)"
1045,Operational,Sutter Apartments,"1480 Sutter St, San Francisco, CA 94109","Sutter Gough, LP",67,0,67,0,0,24,43,0,0,0,0,0,0,0,67,0,0,0,0,,Western Addition,2,"(37.787232, -122.424738)"
1046,Operational,Bayview Commons,"4445 3rd St, San Francisco, CA 94124",San Francisco Housing Development Corporation,30,0,29,0,0,0,0,19,8,2,0,0,0,8,21,0,0,0,0,,Bayview Hunters Point,10,"(37.737577, -122.389598)"
1047,Operational,Antonia Manor,"180 Turk St, San Francisco, CA 94102",Tenderloin Neighborhood Development Corporation,133,0,133,0,131,0,2,0,0,0,0,0,0,133,0,0,0,0,0,,Tenderloin,6,"(37.783106, -122.412102)"
1048,Operational,Larkin St Assisted Care Program,"129 Hyde St, San Francisco, CA 94102",Larkin Street Youth Services,12,0,12,0,12,0,0,0,0,0,0,0,0,12,0,0,0,0,0,,Tenderloin,6,"(37.781928, -122.415643)"
1049,Operational,Positive Match,"1652 Eddy St, San Francisco, CA 94115",Bernal Heights Neighborhood Center,7,0,7,0,0,0,1,5,1,0,0,0,0,7,0,0,0,0,0,,Western Addition,5,"(37.781167, -122.434866)"
1051,Operational,Planetree Housing Program,"152 Coleridge St, San Francisco, CA 94110",HealthRight360,14,0,11,0,0,0,6,5,0,0,0,0,0,11,0,0,0,0,0,,Bernal Heights,9,"(37.743373, -122.420032)"
1060,Operational,A WOMANS PLACE,"1049 Howard St, San Francisco, CA 94103","Community Awareness & Treatment Services, Inc.",11,54,0,54,0,0,0,0,0,0,0,0,54,0,0,0,0,0,0,,South of Market,6,"(37.778758, -122.408323)"
1063,Operational,Fillmore Marketplace Apartments,"1223 Webster St, San Francisco, CA 94115","Fillmore Marketplace Associates, LP",120,0,120,0,0,0,29,30,61,0,0,0,0,0,0,120,0,0,0,,Western Addition,5,"(37.781843, -122.430818)"
1065,Operational,Hazel Betsey,"3554 17th St, San Francisco, CA 94110",Bernal Heights Neighborhood Center,9,0,9,0,0,6,3,0,0,0,0,0,0,9,0,0,0,0,0,,Mission,8,"(37.763153, -122.425221)"
1067,Operational,Maitri,"401 Duboce Ave, San Francisco, CA 94114",Maitri,15,15,0,15,0,0,0,0,0,0,0,0,0,15,0,0,0,0,0,,Castro/Upper Market,8,"(37.769405, -122.429159)"
1068,Operational,Eddy Street Apartments,"1096 Eddy St, San Francisco, CA 94109",Progress Foundation,21,0,20,0,0,0,20,0,0,0,0,0,0,20,0,0,0,0,0,,Western Addition,5,"(37.782332, -122.42573)"
1069,Operational,Good Samaritan Apartments,"1290 Potrero Ave, San Francisco, CA 94110",Mission Housing Development Corporation,20,0,19,0,0,0,2,4,7,6,0,0,0,0,0,19,0,0,0,,Mission,9,"(37.751817, -122.40631)"
1072,Operational,1101 Howard,"1101 Howard St, San Francisco, CA 94103",Mercy Housing California,34,0,34,0,0,0,6,14,14,0,0,0,0,0,0,34,0,0,0,,South of Market,6,"(37.77793, -122.409367)"
1073,Operational,Fell Street Apartments,"333 Fell St, San Francisco, CA 94102",Bridge Housing,82,0,82,0,0,4,20,24,34,0,0,0,0,0,0,82,0,0,0,,Hayes Valley,5,"(37.775835, -122.423308)"
1074,Operational,Knox Hotel,"241 6th St, San Francisco, CA 94103",TODCO Group,140,0,138,0,138,0,0,0,0,0,0,0,0,138,0,0,0,0,0,,South of Market,6,"(37.779304, -122.406524)"
1076,Operational,1028 Howard,"1028 Howard St, San Francisco, CA 94103",Mercy Housing California,30,0,30,0,0,0,5,11,14,0,0,0,0,0,0,30,0,0,0,,South of Market,6,"(37.779277, -122.407861)"
1080,Operational,Jordan Apartments,"820 O'Farrell St, San Francisco, CA 94109",Conard House,54,0,54,0,0,54,0,0,0,0,0,0,0,54,0,0,0,0,0,,Tenderloin,6,"(37.785181, -122.418291)"
1081,Operational,214 Dolores,"214 Dolores St, San Francisco, CA 94114",Baker Places,8,0,8,0,8,0,0,0,0,0,0,0,0,8,0,0,0,0,0,,Castro/Upper Market,8,"(37.765992, -122.42668)"
1082,Operational,1761-1765 Page,"1761 Page St, San Francisco, CA 94117",Baker Places,13,0,13,0,13,0,0,0,0,0,0,0,0,13,0,0,0,0,0,,Haight Ashbury,5,"(37.770554, -122.449763)"
1083,Operational,Ferguson Place,"1249 Scott St, San Francisco, CA 94115",Baker Places,12,12,0,12,0,0,0,0,0,0,0,0,0,12,0,0,0,0,0,,Western Addition,5,"(37.781252, -122.437433)"
1085,Operational,Precita House,"416 Precita Ave, San Francisco, CA 94110",Bernal Heights Neighborhood Center,5,0,5,0,5,0,0,0,0,0,0,0,0,5,0,0,0,0,0,,Bernal Heights,9,"(37.746843, -122.411436)"
1092,Operational,Broadway Family Apartments,"150 Broadway, San Francisco, CA 94111",Chinatown Community Development Center,81,0,66,0,0,19,0,20,27,0,0,0,0,66,0,0,0,0,0,,Financial District,3,"(37.798712, -122.400498)"
1093,Operational,Rich Sorro Commons,"150 Berry St, San Francisco, CA 94107",Mission Housing Development Corporation,100,0,100,0,0,0,16,39,34,11,0,0,0,100,0,0,0,0,0,,Mission Bay,6,"(37.776697, -122.392322)"
1095,Operational,Paramount,"680 Mission St, San Francisco, CA 94105","Third & Mission Associates, LLC",486,0,99,0,0,21,63,15,0,0,0,0,0,99,0,0,0,0,0,,Financial District,6,"(37.786629, -122.401661)"
1135,Operational,111 Jones,"111 Jones St, San Francisco, CA 94102",Mercy Housing California,107,0,107,0,0,8,64,15,20,0,0,0,0,0,0,107,0,0,0,,Tenderloin,6,"(37.782186, -122.412326)"
1136,Operational,Steamboat Point (Parcel K),"49 Townsend St, San Francisco, CA 94107",Bridge Housing,108,0,108,0,0,0,51,26,31,0,0,0,0,0,0,108,0,0,0,,Mission Bay,6,"(37.781418, -122.389427)"
1137,Operational,Padre Palou Community,"3400 16th St, San Francisco, CA 94114",Mercy Housing California,18,0,18,0,0,0,0,10,6,2,0,0,0,0,0,18,0,0,0,,Castro/Upper Market,8,"(37.764566, -122.428706)"
1138,Operational,Progress Apartments,"1272 South Van Ness Ave, San Francisco, CA 94110",Progress Foundation,12,0,11,0,0,11,0,0,0,0,0,0,0,0,0,11,0,0,0,,Mission,9,"(37.752819, -122.416389)"
1139,Operational,El Dorado Hotel,"150 9th St, San Francisco, CA 94103",Conard House,57,0,43,0,43,0,0,0,0,0,0,0,0,0,0,43,0,0,0,,South of Market,6,"(37.775551, -122.413965)"
1140,Operational,Washburn Hotel,"38 Washburn St, San Francisco, CA 94103",Conard House,22,0,18,0,18,0,0,0,0,0,0,0,0,0,0,18,0,0,0,,South of Market,6,"(37.775386, -122.414601)"
1143,Operational,Odyssey House,"484 Oak St, San Francisco, CA 94102",Baker Places,10,10,0,10,0,0,0,0,0,0,0,0,10,0,0,0,0,0,0,,Hayes Valley,5,"(37.774482, -122.427298)"
1145,Operational,Diamond View Apartments,"173 Addison St, San Francisco, CA 94131",Diamond View Residents' Association,58,0,58,0,0,0,33,25,0,0,0,0,0,15,43,0,0,0,0,,Glen Park,8,"(37.73817, -122.433015)"
1150,Operational,TIHDI: TISH Phases 1 & 2,"1403 Sturgeon St, San Francisco, CA 94130",Catholic Charities,66,0,66,0,0,0,0,44,18,4,0,0,0,66,0,0,0,0,0,,Treasure Island,6,"(37.826421, -122.37608)"
1151,Operational,TIHDI: Female Offender Treatment and Education Program,"1440 Chinook Ct, San Francisco, CA 94130",HealthRight360,6,20,0,20,0,0,0,0,0,0,0,0,20,0,0,0,0,0,0,,Treasure Island,6,"(37.824064, -122.374154)"
1152,Operational,TIHDI: 1445 Chinook,"1445 Chinook Ct, San Francisco, CA 94130",HealthRight360,6,26,0,24,0,0,0,0,0,0,0,0,24,0,0,0,0,0,0,,Treasure Island,6,"(37.82435, -122.373521)"
1153,Operational,TIHDI: Swords to Plowshares,"1432 Halibut Ct, San Francisco, CA 94130",Swords To Plowshares,24,56,0,56,0,0,0,0,0,0,0,0,0,56,0,0,0,0,0,,Treasure Island,6,"(37.824824, -122.375044)"
1155,Operational,Bryant Street Apartments,"2800 Bryant St, San Francisco, CA 94110",Mission Housing Development Corporation,7,0,7,0,0,0,0,6,0,1,0,0,0,0,0,7,0,0,0,,Mission,9,"(37.749564, -122.408904)"
1164,Operational,Namiki Apartments,"1776 Sutter St, San Francisco, CA 94115",Chinatown Community Development Center / Namiki Apartments Residents Association,34,0,33,0,0,0,33,0,0,0,0,0,0,10,23,0,0,0,0,,Pacific Heights,5,"(37.786613, -122.429607)"
1167,Operational,SOMA Studios,"1188 Howard St, San Francisco, CA 94103",Tenderloin Neighborhood Development Corporation,88,0,88,0,0,88,0,0,0,0,0,0,9,31,44,4,0,0,0,,South of Market,6,"(37.776417, -122.411477)"
1169,Operational,Marlton Manor,"240 Jones St, San Francisco, CA 94102",Mercy Housing California,151,0,150,0,0,140,10,0,0,0,0,0,0,150,0,0,0,0,0,,Tenderloin,6,"(37.783402, -122.412432)"
1170,Operational,Ridgeview Terrace Apartments,"140 Cashmere St, San Francisco, CA 94124","Ridgeview Terrace Affordable Housing, Inc.",101,0,100,0,0,12,36,27,14,10,1,0,0,20,80,0,0,0,0,,Bayview Hunters Point,10,"(37.736187, -122.38467)"
1173,Operational,Friendship House,"56 Julian Ave, San Francisco, CA 94103",Friendship House,20,80,0,80,0,0,0,0,0,0,0,0,0,80,0,0,0,0,0,,Mission,9,"(37.767306, -122.421206)"
1183,Operational,Cameo House,"424 Guerrero St, San Francisco, CA 94110",Center on Juvenile & Criminal Justice,11,0,11,0,11,0,0,0,0,0,0,11,0,0,0,0,0,0,0,,Mission,8,"(37.764364, -122.424196)"
1185,Operational,665 Clay,"665 Clay St, San Francisco, CA 94111",Chinatown Community Development Center,25,0,25,0,11,12,1,1,0,0,0,9,9,7,0,0,0,0,0,,Chinatown,3,"(37.79448, -122.404208)"
1187,Operational,Church Street Apartments,"1 Church St, San Francisco, CA 94114",Bridge Housing,93,0,92,0,0,0,30,34,28,0,0,0,0,63,29,0,0,0,0,,Hayes Valley,8,"(37.770333, -122.429166)"
1188,Operational,Carter Terrace,"530 Carter St, San Francisco, CA 94134",Mercy Housing California,101,0,100,0,0,0,29,39,32,0,0,0,32,23,45,0,0,0,0,,Excelsior,10,"(37.708986, -122.423562)"
1189,Operational,Kokoro Assisted Living Facility,"1881 Bush St, San Francisco, CA 94109",Kokoro Assisted Living Inc.,54,0,37,0,0,34,3,0,0,0,0,0,0,7,7,16,7,0,0,,Pacific Heights,5,"(37.787644, -122.428191)"
1190,Operational,O'Farrell Towers,"477 O'Farrell St, San Francisco, CA 94102",Tenderloin Neighborhood Development Corporation,101,0,101,0,0,0,101,0,0,0,0,0,0,101,0,0,0,0,0,,Tenderloin,6,"(37.785786, -122.412607)"
1191,Operational,Notre Dame Apartments,"1590 Broadway, San Francisco, CA 94109",Chinatown Community Development Center,204,0,201,0,0,140,61,0,0,0,0,0,0,100,101,0,0,0,0,,Russian Hill,3,"(37.795819, -122.423262)"
1192,Operational,Maria Manor,"174 Ellis St, San Francisco, CA 94102",Tenderloin Neighborhood Development Corporation,119,0,119,0,119,0,0,0,0,0,0,0,0,36,83,0,0,0,0,,Tenderloin,6,"(37.785395, -122.409106)"
1196,Operational,Providence Senior Housing,"4601 3rd St, San Francisco, CA 94124",Providence Senior Housing Corporation,50,0,50,0,0,0,50,0,0,0,0,0,0,50,0,0,0,0,0,,Bayview Hunters Point,10,"(37.736379, -122.390085)"
1197,Operational,TIHDI: Island Bay Homes,"1411 Flounder Ct, San Francisco, CA 94130",Community Housing Partnership,66,0,64,0,0,0,0,26,28,10,0,0,0,33,0,31,0,0,33,HSA,Treasure Island,6,"(37.826609, -122.374699)"
1204,Operational,St. Joseph's Family Shelter,"899 Guerrero St, San Francisco, CA 94110",Catholic Charities,10,20,0,20,0,0,0,0,0,0,0,0,0,0,0,20,0,0,0,,Mission,8,"(37.756788, -122.42327)"
1208,Operational,SOMA Family Apartments,"1166 Howard St, San Francisco, CA 94103",Tenderloin Neighborhood Development Corporation,74,0,74,0,0,0,12,40,22,0,0,0,0,24,50,0,0,0,0,,South of Market,6,"(37.77672, -122.411094)"
1210,Operational,Jelani Family Program,"1638 Kirkwood Ave, San Francisco, CA 94124","Jelani, Inc. (Bayview Hunters Point Foundation)",8,12,0,12,0,0,0,0,0,0,0,0,0,0,12,0,0,0,0,,Bayview Hunters Point,10,"(37.738635, -122.39067)"
1219,Operational,421 Turk,"421 Turk St, San Francisco, CA 94102","Asian, Inc.",29,0,28,0,0,0,9,4,15,0,0,0,0,28,0,0,0,0,0,,Tenderloin,6,"(37.782491, -122.416045)"
1228,Operational,Hartland Hotel,"909 Geary St, San Francisco, CA 94109",Tenderloin Housing Clinic,136,0,136,0,136,0,0,0,0,0,0,0,114,22,0,0,0,0,0,,Tenderloin,6,"(37.78603, -122.418267)"
1229,Operational,TIHDI: Rubicon Villages (CHP Villages),"410 Avenue of the Palms, San Francisco, CA 94130",Community Housing Partnership,44,0,43,0,0,0,0,24,17,2,0,0,0,43,0,0,0,0,0,,Treasure Island,6,"(37.820013, -122.374468)"
1230,Operational,Padre Apartments,"241 Jones St, San Francisco, CA 94102",Mercy Housing California,41,0,40,0,0,0,40,0,0,0,0,0,0,40,0,0,0,0,0,,Tenderloin,6,"(37.783385, -122.412569)"
1231,Operational,Martin Luther King-Marcus Garvey Square Cooperative Apartments,"1680 Eddy St, San Francisco, CA 94115","Martin Luther King-Marcus Garvey Square Cooperative Apartments, INC.",211,0,211,0,0,13,54,56,56,32,0,0,0,0,0,211,0,0,0,,Western Addition,5,"(37.781111, -122.435307)"
1232,Operational,Ocean Beach Apartments,"720 La Playa, San Francisco, CA 94121",San Francisco Housing Development Corporation / Bayside Communities,85,0,84,0,0,0,27,54,3,0,0,0,0,0,84,0,0,0,0,,Outer Richmond,1,"(37.774721, -122.510084)"
1233,Operational,Natoma Family Apartments,"474 Natoma St, San Francisco, CA 94103",Bridge Housing,60,0,59,0,0,7,28,17,7,0,0,0,0,35,24,0,0,0,0,,South of Market,6,"(37.780631, -122.407217)"
1234,Operational,10th & Mission Family Housing,"1390 Mission St, San Francisco, CA 94103",Mercy Housing California,136,0,135,0,0,0,34,41,60,0,0,0,0,135,0,0,0,0,44,HSA,South of Market,6,"(37.7754, -122.415864)"
1235,Operational,Seneca Hotel,"32 6th St, San Francisco, CA 94103",Tenderloin Housing Clinic,202,0,88,0,88,0,0,0,0,0,0,0,0,88,0,0,0,0,0,,South of Market,6,"(37.78171, -122.409742)"
1243,Operational,Curran House,"145 Taylor St, San Francisco, CA 94102",Tenderloin Neighborhood Development Corporation,67,0,66,0,0,14,15,13,24,0,0,0,0,66,0,0,0,0,0,,Tenderloin,6,"(37.78363, -122.410931)"
1244,Operational,1340 Portola,"1340 Portola Dr, San Francisco, CA 94127",West Bay Housing Corporation,6,6,0,6,0,0,0,0,0,0,0,0,0,6,0,0,0,0,0,,West of Twin Peaks,7,"(37.739963, -122.464713)"
1245,Operational,The Dudley Apartments,"172 6th St, San Francisco, CA 94103",Mercy Housing California,75,0,74,0,25,25,24,0,0,0,0,0,0,74,0,0,0,0,0,,South of Market,6,"(37.780005, -122.407599)"
1246,Operational,Derek Silva Community,"20 Franklin St, San Francisco, CA 94102",Mercy Housing California,68,0,68,0,0,36,27,5,0,0,0,0,0,68,0,0,0,0,0,,Hayes Valley,5,"(37.77468, -122.420784)"
1247,Operational,Curry Senior Center Apartments,"315 Turk St, San Francisco, CA 94102",Curry Senior Center,14,0,13,0,0,13,0,0,0,0,0,0,0,0,13,0,0,0,0,,Tenderloin,6,"(37.782711, -122.414325)"
1249,Operational,Buena Vista Terrace,"1250 Haight St, San Francisco, CA 94117",Tenderloin Neighborhood Development Corporation,40,0,39,0,0,33,6,0,0,0,0,0,0,39,0,0,0,0,0,,Haight Ashbury,5,"(37.770608, -122.442718)"
1250,Operational,International Hotel,"848 Kearny St, San Francisco, CA 94111",Chinatown Community Development Center,105,0,104,0,0,88,16,0,0,0,0,0,0,104,0,0,0,0,0,,Chinatown,3,"(37.795774, -122.404993)"
1255,Operational,North Beach Place,"455 Bay St, San Francisco, CA 94133",Bridge Housing,341,0,341,0,0,0,79,161,67,34,0,0,0,0,112,229,0,0,0,,North Beach,3,"(37.805459, -122.414504)"
1256,Operational,Leland Polk Senior Community,"1315 Polk St, San Francisco, CA 94109",Mercy Housing California,72,0,71,0,0,28,43,0,0,0,0,0,0,71,0,0,0,0,0,,Nob Hill,3,"(37.788928, -122.420436)"
1257,Operational,990 Polk,"990 Polk St, San Francisco, CA 94109",Tenderloin Neighborhood Development Corporation,110,0,109,0,0,81,28,0,0,0,0,0,0,109,0,0,0,0,50,DPH,Tenderloin,6,"(37.785821, -122.419665)"
1258,Operational,Folsom + Dore Apartments,"1346 Folsom St, San Francisco, CA 94103",Tenderloin Neighborhood Development Corporation,98,0,96,0,0,34,56,6,0,0,0,0,46,0,50,0,0,0,20,DPH,South of Market,6,"(37.773362, -122.412244)"
1306,Operational,Armstrong Place,"5600 3rd St, San Francisco, CA 94124",Bridge Housing,116,0,116,0,0,12,103,1,0,0,0,0,0,116,0,0,0,0,23,DPH,Bayview Hunters Point,10,"(37.72701, -122.393652)"
1309,Operational,McAllister Street Co-ops,"1840 Mcallister St, San Francisco, CA 94115",Conard House,10,10,0,10,0,0,0,0,0,0,0,0,0,10,0,0,0,0,0,,Lone Mountain/USF,5,"(37.777346, -122.442382)"
1311,Operational,Mission Creek Senior Community,"225 Berry St, San Francisco, CA 94158",Mercy Housing California,140,0,139,0,0,0,139,0,0,0,0,0,0,139,0,0,0,0,51,DPH,Mission Bay,6,"(37.775296, -122.393898)"
1317,Operational,The Coronet,"3595 Geary Blvd, San Francisco, CA 94118",Bridge Housing,150,0,148,0,0,28,111,9,0,0,0,0,0,148,0,0,0,0,25,DPH,Lone Mountain/USF,1,"(37.781223, -122.457717)"
1322,Operational,Valencia Gardens,"340 Valencia St, San Francisco, CA 94103",Mission Housing Development Corporation,260,0,259,0,0,0,60,97,88,14,0,0,0,51,0,208,0,0,0,,Mission,8,"(37.767416, -122.422211)"
1323,Operational,Mosaica Family Apartments,"680 Florida St, San Francisco, CA 94110",Tenderloin Neighborhood Development Corporation,93,0,92,0,0,0,6,43,39,4,0,0,20,0,72,0,0,0,20,HSA,Mission,9,"(37.760686, -122.41107)"
1325,Operational,Plaza Apartments,"988 Howard St, San Francisco, CA 94103",Public Initiatives Development Corporation,106,0,106,0,0,106,0,0,0,0,0,0,0,106,0,0,0,0,106,DPH,South of Market,6,"(37.779979, -122.406973)"
1331,Operational,Westbrook Plaza,"227 7th St, San Francisco, CA 94103",Mercy Housing California / Soma Health Center,49,0,48,0,0,0,13,20,15,0,0,0,0,48,0,0,0,0,0,,South of Market,6,"(37.777677, -122.408919)"
1395,Operational,Herald Hotel Apartments,"302 Eddy St, San Francisco, CA 94102","Bristol Equity Capital, Inc.",72,0,29,0,0,0,29,0,0,0,0,0,0,0,29,0,0,0,0,,Tenderloin,6,"(37.783985, -122.412674)"
1399,Operational,Edith Witt Senior Community,"66 9th St, San Francisco, CA 94103",Mercy Housing California,107,0,106,0,0,20,86,0,0,0,0,0,0,106,0,0,0,0,11,DPH,South of Market,6,"(37.776517, -122.415174)"
1400,Operational,Mary Helen Rodgers Senior Community,"701 Golden Gate Ave, San Francisco, CA 94102",Chinatown Community Development Center,100,0,99,0,0,28,71,0,0,0,0,0,0,99,0,0,0,0,0,,Western Addition,5,"(37.780766, -122.422138)"
1409,Operational,Chinese American Citizens Alliance -S.F.,"843 Clay St, San Francisco, CA 94108",Chinese American Citizens Alliance,26,0,23,0,0,0,23,0,0,0,0,0,0,23,0,0,0,0,0,,Chinatown,3,"(37.794121, -122.40704)"
1410,Operational,Chinese American Citizens Alliance Grand Lodge,"1044 Stockton St, San Francisco, CA 94108",Chinese American Citizens Alliance,16,0,16,0,0,10,6,0,0,0,0,0,0,16,0,0,0,0,0,,Chinatown,3,"(37.795353, -122.408103)"
1411,Operational,Rose Court,"2501 Pine St, San Francisco, CA 94115",St. Rose Corporation,19,0,13,0,0,1,4,7,1,0,0,0,0,0,13,0,0,0,0,,Pacific Heights,5,"(37.787477, -122.436987)"
1419,Operational,901 Columbus Ave,"901 Columbus Ave, San Francisco, CA 94133",Victor F. Garces,77,0,54,0,0,0,54,0,0,0,0,0,0,0,54,0,0,0,0,,Russian Hill,3,"(37.802731, -122.413812)"
1437,Operational,Hotel Essex,"684 Ellis St, San Francisco, CA 94109",Community Housing Partnership,84,0,84,0,0,84,0,0,0,0,0,30,0,54,0,0,0,0,84,HSA,Tenderloin,6,"(37.78433, -122.417463)"
1440,Operational,Arnett Watson Apartments,"650 Eddy St, San Francisco, CA 94109",Community Housing Partnership,83,0,83,0,0,36,33,14,0,0,0,0,0,83,0,0,0,0,79,HSA,Tenderloin,6,"(37.783263, -122.418395)"
1441,Operational,Bishop Swing Community House,"275 10th St, San Francisco, CA 94103",Episcopal Community Services,135,0,134,0,134,0,0,0,0,0,0,0,0,134,0,0,0,0,119,HSA,South of Market,6,"(37.773176, -122.41319)"
1448,Operational,Embarcadero Triangle (Parcel J),"600 The Embarcadero, San Francisco, CA 94111",Delancey Street Foundation,177,0,177,0,0,96,37,44,0,0,0,0,0,150,0,0,27,0,0,,Financial District,3,"(37.80101, -122.399052)"
1454,Operational,Mission Hotel,"520 South Van Ness Ave, San Francisco, CA 94110",Tenderloin Housing Clinic,244,0,244,0,244,0,0,0,0,0,0,0,159,85,0,0,0,0,0,,Mission,9,"(37.764826, -122.417535)"
1530,Operational,Mosaica Senior Apartments,"655 Alabama St, San Francisco, CA 94110",Tenderloin Neighborhood Development Corporation,24,0,24,0,0,19,5,0,0,0,0,0,11,0,13,0,0,0,11,DPH,Mission,9,"(37.760954, -122.411927)"
1542,Operational,149 Mason Street Apartments,"149 Mason St, San Francisco, CA 94102",Glide,56,0,55,0,0,55,0,0,0,0,0,0,0,55,0,0,0,0,55,DPH,Tenderloin,6,"(37.784803, -122.409483)"
1545,Operational,Hunters View (Phase 1),"112 Middle Point Rd, San Francisco, CA 94124",Ridgepoint / Devine & Gong / John Stewart Company,107,0,107,0,0,0,4,49,37,15,2,0,0,106,1,0,0,0,0,,Bayview Hunters Point,10,"(37.735139, -122.379498)"
1550,Operational,Zygmunt Arendt House,"850 Broderick St, San Francisco, CA 94115",Community Housing Partnership,47,0,46,0,0,46,0,0,0,0,0,0,46,0,0,0,0,0,30,HSA,Western Addition,5,"(37.778072, -122.440067)"
1554,Operational,Columbus United Cooperative,"53 Columbus Ave, San Francisco, CA 94111",San Francisco Community Land Trust,21,0,21,0,0,0,8,11,1,1,0,0,0,21,0,0,0,0,0,,Chinatown,3,"(37.796044, -122.404151)"
1555,Operational,Kelly Cullen Community,"220 Golden Gate Ave, San Francisco, CA 94102",Tenderloin Neighborhood Development Corporation,174,0,172,0,172,0,0,0,0,0,0,0,0,0,172,0,0,0,172,DPH,Tenderloin,6,"(37.781877, -122.414248)"
1564,Operational,Walden House,"815 Buena Vista Ave, San Francisco, CA 94117",HealthRight360,0,108,0,86,0,0,0,0,0,0,0,0,0,86,0,0,0,0,0,,Haight Ashbury,8,"(37.769028, -122.443088)"
1585,Operational,St. Peter's Place,"420 29th Ave, San Francisco, CA 94121",Bernal Heights Neighborhood Center,20,0,19,0,0,14,4,1,0,0,0,0,0,19,0,0,0,0,0,,Outer Richmond,1,"(37.781404, -122.489069)"
1586,Operational,Broadway Sansome Family Housing,"235 Broadway, San Francisco, CA 94111",Chinatown Community Development Center,75,0,74,0,0,10,36,23,5,0,0,0,0,74,0,0,0,0,36,HSA,Financial District,3,"(37.798477, -122.401473)"
1597,Operational,Veterans Commons,"150 Otis St, San Francisco, CA 94103",Swords To Plowshares / Chinatown Community Development Center,76,0,75,0,0,75,0,0,0,0,0,0,0,75,0,0,0,0,0,,Mission,6,"(37.770902, -122.420317)"
1600,Operational,Excelsior Teen Center,"4466 Mission St, San Francisco, CA 94112",Bernal Heights Neighborhood Center,1,0,1,0,0,0,0,0,1,0,0,0,0,0,0,1,0,0,0,,Outer Mission,11,"(37.726255, -122.433707)"
1601,Operational,Vera Haile Senior Housing,"129 Golden Gate Ave, San Francisco, CA 94102",Mercy Housing California / St. Anthony's,90,0,90,0,0,43,46,1,0,0,0,0,0,90,0,0,0,0,3,DPH,Tenderloin,6,"(37.781961, -122.412714)"
1606,Operational,Edward II,"3151 Scott St, San Francisco, CA 94123",Community Housing Partnership,25,0,24,0,24,0,0,0,0,0,0,0,0,24,0,0,0,0,24,HSA,Marina,2,"(37.798773, -122.440971)"
1619,Operational,Madonna Residence,"350 Golden Gate Ave, San Francisco, CA 94102",Mercy Housing California,70,0,69,0,0,69,0,0,0,0,0,0,0,69,0,0,0,0,0,,Tenderloin,6,"(37.781608, -122.416365)"
1620,Operational,1100 Ocean,"1100 Ocean Ave, San Francisco, CA 94112",Mercy Housing California,71,0,70,0,0,18,18,21,13,0,0,0,0,70,0,0,0,0,19,HSA,West of Twin Peaks,7,"(37.723518, -122.454101)"
1632,Operational,Richardson Apartments (Parcel G),"365 Fulton St, San Francisco, CA 94102",Community Housing Partnership,120,0,120,0,0,120,0,0,0,0,0,0,0,120,0,0,0,0,108,DPH,Hayes Valley,5,"(37.778773, -122.422771)"
1639,Operational,Gum Moon Residence Hall,"0 Confidential, San Francisco, CA 00000",Gum Moon,33,30,0,26,0,0,0,0,0,0,0,0,0,26,0,0,0,0,0,,,3,
1644,Operational,TIHDI: Chinook Family Apartments,"1441 Chinook Ct, San Francisco, CA 94130",Swords To Plowshares,12,0,12,0,0,0,0,12,0,0,0,0,0,0,12,0,0,0,0,,Treasure Island,6,"(37.823967, -122.374089)"
1793,Operational,Winsor Hotel,"20 6th St, San Francisco, CA 94103",Winsor Hotel,51,0,4,0,4,0,0,0,0,0,0,0,0,4,0,0,0,0,0,,South of Market,6,"(37.781895, -122.409974)"
1794,Operational,Hunter Hotel,"100 6th St, San Francisco, CA 94103","Patel, Dipakbhai",14,0,6,0,6,0,0,0,0,0,0,0,0,6,0,0,0,0,0,,South of Market,6,"(37.780924, -122.408754)"
1826,Operational,1180 4th,"1180 4th St, San Francisco, CA 94158",Mercy Housing California,150,0,149,0,0,0,41,53,55,0,0,0,0,0,149,0,0,0,50,HSA,Mission Bay,6,"(37.77334, -122.391504)"
1828,Operational,Bayview Hill Gardens,"1075 Le Conte Ave, San Francisco, CA 94124",Mercy Housing California,73,0,72,0,0,15,24,25,8,0,0,0,0,72,0,0,0,0,55,HSA,Bayview Hunters Point,10,"(37.719087, -122.398106)"
1833,Operational,Baldwin House Hotel,"72 6th St, San Francisco, CA 94103",Tenderloin Housing Clinic,207,0,10,0,10,0,0,0,0,0,0,0,0,10,0,0,0,0,0,,South of Market,6,"(37.781257, -122.409173)"
1837,Operational,Avalon At Mission Bay (Tower 2),"200 Berry St, San Francisco, CA 94158",AvalonBay Communities Inc.,313,0,19,0,0,2,9,8,0,0,0,0,0,0,0,10,9,0,0,,Mission Bay,6,"(37.775779, -122.393484)"
1838,Operational,Mercy Terrace,"333 Baker St, San Francisco, CA 94117",Mercy Housing California / Sisters of Mercy,158,0,32,0,0,5,27,0,0,0,0,0,0,32,0,0,0,0,0,,Lone Mountain/USF,5,"(37.773946, -122.441067)"
1839,Operational,Crescent Cove,"420 Berry St, San Francisco, CA 94107",Chinatown Community Development Center / Mission Bay Housing Partners,236,0,234,0,0,84,88,62,0,0,0,0,0,134,100,0,0,0,0,,Mission Bay,6,"(37.771952, -122.398324)"
1840,Operational,Ceatrice Polite Apartments,"321 Clementina St, San Francisco, CA 94103",TODCO Group,91,0,90,0,0,44,46,0,0,0,0,0,0,9,81,0,0,0,0,,South of Market,6,"(37.782037, -122.402147)"
1843,Operational,Turk & Eddy Apartments,"249 Eddy St, San Francisco, CA 94102",Tenderloin Neighborhood Development Corporation,82,0,80,0,0,77,3,0,0,0,0,0,0,80,0,0,0,0,0,,Tenderloin,6,"(37.78399, -122.41176)"
1845,Operational,Rene Cazenave Apartments (Parcel 11A),"25 Essex St, San Francisco, CA 94105",Community Housing Partnership,120,0,120,0,0,108,12,0,0,0,0,0,0,120,0,0,0,0,120,DPH,Financial District,6,"(37.786116, -122.395224)"
1848,Operational,Fillmore Center,"1475 Fillmore St, San Francisco, CA 94115",Elkor Realty Corporation,1114,0,558,0,0,156,215,171,16,0,0,0,0,0,0,223,335,0,0,,Western Addition,5,"(37.783044, -122.432738)"
1849,Operational,280 Beale,"280 Beale St, San Francisco, CA 94105",Mercy Housing California,70,0,69,0,0,0,56,13,0,0,0,0,0,69,0,0,0,0,0,,Financial District,6,"(37.788904, -122.3931)"
1851,Operational,Banneker Homes,"745 Fulton St, San Francisco, CA 94102","Banneker Homes, Inc.",108,0,108,0,0,0,12,40,35,21,0,0,0,22,0,86,0,0,0,,Hayes Valley,5,"(37.777987, -122.428933)"
1854,Operational,Rincon Center,"88 Howard St, San Francisco, CA 94105","Carmel Partners, Inc (BRE/Rincon, LLC)",320,0,76,0,0,19,44,13,0,0,0,0,0,0,0,30,46,0,0,,Financial District,6,"(37.791512, -122.392388)"
1858,Operational,Avalon At Mission Bay (Tower 1),"255 King St, San Francisco, CA 94107",AvalonBay Communities Inc.,510,0,21,0,0,0,12,9,0,0,0,0,0,0,0,11,10,0,0,,Mission Bay,6,"(37.777021, -122.392877)"
1862,Operational,Octavia Court,"261 Octavia St, San Francisco, CA 94102",West Bay Housing Corporation / Satellite Housing,15,0,14,0,0,0,12,2,0,0,0,0,0,14,0,0,0,0,0,,Hayes Valley,5,"(37.774452, -122.424305)"
1866,Operational,Tabernacle Vista Apartments,"2139 O'Farrell St, San Francisco, CA 94115",Tabernacle Community Development Corporation,21,0,21,0,0,7,11,3,0,0,0,0,0,0,21,0,0,0,0,,Western Addition,5,"(37.782318, -122.439957)"
1877,Operational,Nihonmachi Terrace,"1615 Sutter St, San Francisco, CA 94109",Japanese American Religious Federation,245,0,243,0,0,51,142,28,18,4,0,0,0,180,63,0,0,0,0,,Japantown,5,"(37.786841, -122.426943)"
1879,Operational,Vintage Coventry,"1550 Sutter St, San Francisco, CA 94109",Vintage Senior Living,169,0,34,0,5,23,6,0,0,0,0,0,0,34,0,0,0,0,0,,Pacific Heights,5,"(37.787085, -122.425897)"
1880,Operational,South Beach Marina Apartments,"2 Townsend St, San Francisco, CA 94107","South Beach Marina, Inc.",414,0,83,0,0,0,41,42,0,0,0,0,0,0,0,81,2,0,0,,Financial District,6,"(37.781858, -122.38837)"
1888,Operational,Parkview Terrace,"871 Turk St, San Francisco, CA 94102",Chinatown Community Development Center / Bayside Communities,101,0,100,0,0,59,41,0,0,0,0,0,0,100,0,0,0,0,0,,Western Addition,5,"(37.781548, -122.423432)"
1894,Operational,The Avenue (Assisted Living),"1019 Van Ness Ave, San Francisco, CA 94109","San Francisco Care Center, LP",112,0,25,0,25,0,0,0,0,0,0,0,0,0,11,14,0,0,0,,Western Addition,5,"(37.785245, -122.42145)"
1921,Operational,Bayside Village,"3 Bayside Village Pl, San Francisco, CA 94107",Bayside Village Associates,862,0,172,0,0,56,58,58,0,0,0,0,0,0,0,172,0,0,0,,Financial District,6,"(37.785646, -122.390105)"
2001,Operational,125 Mason,"125 Mason St, San Francisco, CA 94102",Glide,81,0,80,0,0,0,15,33,20,12,0,0,0,0,80,0,0,0,0,,Tenderloin,6,"(37.784589, -122.40944)"
2038,Operational,534-536 Natoma St,"534 Natoma St, San Francisco, CA 94103",San Francisco Community Land Trust,5,0,4,0,0,0,4,0,0,0,0,0,0,0,0,0,4,0,0,,South of Market,6,"(37.779602, -122.408531)"
2064,Operational,709 Geary,"709 Geary St, San Francisco, CA 94109",Veritas,35,0,30,0,0,27,3,0,0,0,0,0,0,0,29,1,0,0,0,,Tenderloin,6,"(37.786448, -122.414984)"
2068,Operational,1005 Larkin,"1005 Larkin St, San Francisco, CA 94109","Chong, Edmond And Mei Wan Chong",28,0,21,0,0,21,0,0,0,0,0,0,0,0,21,0,0,0,0,,Nob Hill,3,"(37.787104, -122.418367)"
2074,Operational,Candlestick Heights,"833 Jamestown Ave, San Francisco, CA 94124","New Jamestown, LP",196,0,194,0,0,0,20,130,18,26,0,0,0,43,151,0,0,0,0,,Bayview Hunters Point,10,"(37.716631, -122.390544)"
2075,Operational,2175 Market,"2175 Market St, San Francisco, CA 94114","FC 2175 Market, LLC.",88,0,18,0,0,0,11,7,0,0,0,0,0,18,0,0,0,0,0,,Castro/Upper Market,8,"(37.766265, -122.430298)"
2076,Operational,Western Park Apartments,"1280 Laguna St, San Francisco, CA 94115",Northern California Presbyterian Homes & Services,182,0,182,0,0,39,135,8,0,0,0,0,0,182,0,0,0,0,0,,Western Addition,5,"(37.782823, -122.427493)"
2087,Operational,151 Duboce,"149 Duboce Ave, San Francisco, CA 94103",San Francisco Community Land Trust,4,0,4,0,0,0,4,0,0,0,0,0,0,0,0,0,4,0,0,,Mission,8,"(37.769753, -122.423446)"
2097,Operational,308 Turk,"308 Turk St, San Francisco, CA 94102",San Francisco Community Land Trust,20,0,20,0,0,20,0,0,0,0,0,0,0,0,0,0,20,0,0,,Tenderloin,6,"(37.782831, -122.414253)"
2115,Operational,Pigeon Palace,"2840 Folsom St, San Francisco, CA 94110",San Francisco Community Land Trust,6,0,6,0,0,0,0,6,0,0,0,0,0,0,0,0,6,0,0,,Mission,9,"(37.751843, -122.414102)"
